{
  "coarse_accuracy": 0.8950617283950617,
  "fine_accuracy": 0.8209876543209876,
  "parse_rate": 0.9938271604938271,
  "total_samples": 162,
  "go_no_go": "No-Go"
}