{
  "final_eval_loss": 0.647808156815576,
  "best_eval_loss": 0.638381217122078,
  "final_train_loss": 1.0599595308303833,
  "avg_train_loss_last100": 0.6403055736422538,
  "total_elapsed_seconds": 4162.414547920227,
  "num_epochs": 5,
  "learning_rate": 2e-05,
  "lora_rank": 16,
  "lora_alpha": 32,
  "batch_size": 4,
  "gradient_accumulation_steps": 4,
  "max_seq_length": 256,
  "seed": 42,
  "device": "cpu",
  "quantization": "none (fp32)",
  "model": "Qwen2.5-0.5B",
  "task": "Intent classification + query rewriting",
  "optimizer": "AdamW",
  "train_samples": 881,
  "val_samples": 162,
  "target_modules": [
    "q_proj",
    "v_proj",
    "k_proj",
    "o_proj"
  ],
  "loss_curve_sample": [
    3.112609386444092,
    3.126776933670044,
    2.473940134048462,
    2.098243474960327,
    1.9653851985931396,
    1.085968017578125,
    1.2033421993255615,
    1.0307687520980835,
    0.7809780836105347,
    0.8922401070594788,
    0.758306622505188,
    0.7227598428726196,
    0.7845780253410339,
    0.729240894317627,
    0.7714601159095764,
    0.7971797585487366,
    0.771895706653595,
    0.802634596824646,
    0.7103937268257141,
    0.6754883527755737,
    0.5895828008651733
  ]
}