{
  "final_eval_loss": 0.641498100242497,
  "best_eval_loss": 0.6323361015319824,
  "final_train_loss": 0.8258121013641357,
  "avg_train_loss_last100": 0.6383411574363709,
  "total_elapsed_seconds": 457.06597900390625,
  "num_epochs": 5,
  "learning_rate": 2e-05,
  "lora_rank": 16,
  "lora_alpha": 32,
  "batch_size": 4,
  "gradient_accumulation_steps": 4,
  "max_seq_length": 256,
  "seed": 42,
  "device": "MPS (Apple Silicon)",
  "quantization": "none (fp32)",
  "model": "Qwen2.5-0.5B",
  "task": "Intent classification + query rewriting",
  "optimizer": "AdamW",
  "train_samples": 881,
  "val_samples": 162,
  "target_modules": [
    "q_proj",
    "v_proj",
    "k_proj",
    "o_proj"
  ],
  "loss_curve_sample": [
    2.8756275177001953,
    2.9718971252441406,
    2.844740152359009,
    2.069766044616699,
    1.405026912689209,
    1.3650532960891724,
    1.1023447513580322,
    1.0479110479354858,
    0.8713417053222656,
    0.914707362651825,
    0.9112642407417297,
    0.8585793972015381,
    0.6332518458366394,
    0.6479383111000061,
    0.6545138955116272,
    0.6384022831916809,
    0.6961381435394287,
    0.7195746898651123,
    0.6675693392753601,
    0.5882652997970581,
    0.6204607486724854
  ]
}