{
  "final_eval_loss": 0.6434138821966854,
  "best_eval_loss": 0.6324333143234253,
  "best_epoch": 5,
  "best_step": 270,
  "final_train_loss": 0.2662978172302246,
  "avg_train_loss_last100": 0.6419918981194496,
  "total_elapsed_seconds": 440.7969331741333,
  "num_epochs": 5,
  "learning_rate": 2e-05,
  "lora_rank": 16,
  "lora_alpha": 32,
  "batch_size": 4,
  "gradient_accumulation_steps": 4,
  "max_seq_length": 256,
  "seed": 42,
  "device": "MPS (Apple Silicon)",
  "quantization": "none (fp32)",
  "model": "Qwen2.5-0.5B",
  "task": "Intent classification + query rewriting",
  "optimizer": "AdamW",
  "train_samples": 881,
  "val_samples": 162,
  "target_modules": [
    "q_proj",
    "v_proj",
    "k_proj",
    "o_proj"
  ],
  "loss_curve_sample": [
    3.1154837608337402,
    2.9920456409454346,
    2.702381134033203,
    2.1501810550689697,
    1.3347530364990234,
    1.1971980333328247,
    1.2443416118621826,
    1.0824170112609863,
    0.8885849118232727,
    0.8757732510566711,
    0.8459334373474121,
    0.7885138392448425,
    0.7779005765914917,
    0.6941642761230469,
    0.5541818737983704,
    0.8256000876426697,
    0.6684486865997314,
    0.6475703120231628,
    0.5832828879356384,
    0.6534432172775269,
    0.6438932418823242
  ],
  "last_checkpoint_path": "/Users/zhanglei/yiyan-yixing/workshop/model-factory-skills/models/intent-0.5b-v2/last_checkpoint",
  "best_checkpoint_path": "/Users/zhanglei/yiyan-yixing/workshop/model-factory-skills/models/intent-0.5b-v2/best_model"
}